<Features>
	<Feature name="Stroke" supported="true">
		<Property name="Style" default="Solid" supported="true">
			<Value name="Solid"/>
			<Value name="Hairline" supported="true"/>
			<Value name="Dashed" supported="true"/>
			<Value name="Dotted" supported="true"/>
			<Value name="Ragged" supported="true"/>
			<Value name="Stippled" supported="true"/>
			<Value name="Hatched" supported="true"/>
		</Property>  
		<Property name="Scale" default="Normal" supported="true">
			<Value name="Normal" supported="true"/>
			<Value name="Horizontal" supported="true"/>
			<Value name="Vertical" supported="true"/>
			<Value name="None" supported="true"/>
		</Property>
		<Property name="VariableWidth" supported="true"/>
	</Feature>
	<Feature name="Fill" supported="true">
		<Property name="GradientFlow" default="Extend" supported="true">
			<Value name="Extend" supported="true"/>
			<Value name="Reflect" supported="true"/>
			<Value name="Repeat" supported="true"/>
		</Property>
		<Property name="LinearRGB" default="false" supported="true"/>
	</Feature>
	<Feature name="Text" supported="true">
		<Property name="RenderAsHTML" supported="true"/>
		<Property name="TextType" default="DynamicText" supported="true">
			<Value name="StaticText" supported="true"/>
			<Value name="DynamicText" supported="true"/>
			<Value name="InputText" supported="true"/>
		</Property>
		<Property name="TextFormat" default="LeftAlign" supported="true">
			<Value name="Justify" supported="true"/>
		</Property>
		<Property name="FontEmbed" supported="true"/>
		<Property name="LetterSpacing" default="0.0" supported="true"/>
		<Property name="AutoKern" default="false" supported="true"/>
		<Property name="AntiAlias" default="DeviceFonts" supported="true"/>
		<Property name="Selectable" default="false" supported="true"/>
		<Property name="RenderAsHtml" default="false" supported="true"/>
		<Property name="Border" default="false" supported="true"/>
		<Property name="SuperScript" default="false" supported="true"/>
		<Property name="SubScript" default="false" supported="true"/>
		<Property name="Margins" supported="true"/>
		<Property name="LineType" default="MultiLineNoWrap" supported="true"/>
			<Value name="SingleLine" supported="true"/>
			<Value name="MultiLine" supported="true"/>
			<Value name="MultiLineNoWrap" supported="true"/>
			<Value name="Password" supported="true"/>		
		<Property name="TextLinkage" supported="true"/>
		<Property name="Scrollable" supported="true"/>
	</Feature>
	<Feature name="Scene" supported="true" />
	<Feature name="Components" supported="true" />
	<Feature name="Debug" supported="true" />
	<Feature name="SwfObjects" supported="true" >
		<Property name ="ImportEmbeddedSWF" supported="true"/>
	</Feature>	
	<Feature name="3D" supported="true" />
	<Feature name="ScriptLinkage" supported="true">
		<Property name ="Declaration" supported="true"/>
		<Property name ="Definition" supported="true"/>
	</Feature>	
	<Feature name="9Slice" supported="true" />
	<Feature name="Symbol" supported="true">	
		<Property name="BlendModes" default="Normal" supported="true">
			<Value name="Normal" supported="true"/>
			<Value name="Layer" supported="true"/>
			<Value name="Darken" supported="true"/>
			<Value name="Add" supported="true"/>
			<Value name="Multiply" supported="true"/>
			<Value name="Lighten" supported="true"/>
			<Value name="Screen" supported="true"/>
			<Value name="Overlay" supported="true"/>
			<Value name="HardLight" supported="true"/>
			<Value name="Subtract" supported="true"/>
			<Value name="Difference" supported="true"/>
			<Value name="Invert" supported="true"/>
			<Value name="Alpha" supported="true"/>
			<Value name="Erase" supported="true"/>
		</Property>
		<Property name="ColorEffect" default="None" supported="true">
			<Value name="None" supported="true"/>
			<Value name="Brightness" supported="true"/>
			<Value name="Tint" supported="true"/>
			<Value name="Alpha" supported="true"/> 
			<Value name="Advanced" supported="true"/>
		</Property>
		<Property name="Render" default="Original" supported="true">
			<Value name="Original" supported="true"/>
			<Value name="CacheAsBitmap" supported="true"/>
			<Value name="ExportAsBitmap" supported="true"/>
		</Property>
		<Property name="BitmapBackground" default="Transparent" supported="true">
			<Value name="Transparent" supported="true"/>
			<Value name="Opaque" supported="true"/>
		</Property>
		<Property name="Tracking" default="TrackAsButton" supported="true"/>
	</Feature>
	<Feature name="Filters" supported="true"/>
	<Feature name="DropShadowFilter" supported="true">
		<Property name="Quality" default="Low" supported="true"/>
		<Property name="Angle" default ="0" supported="true"/>
		<Property name="Distance" default = "0" supported="true"/>
		<Property name="Knockout" default = "false" supported="true"/>
		<Property name="Inner" default = "false" supported="true"/>
		<Property name="HideObject" default = "false" supported="true"/>	
	</Feature>
	<Feature name="GlowFilter" supported="true">
		<Property name="Quality" default="Low" supported="true"/>
		<Property name="Knockout" default = "false" supported="true"/>
		<Property name="Inner" default = "false" supported="true"/>
	</Feature>
	<Feature name="BlurFilter" supported="true"/>
	<Feature name="BevelFilter" supported="true"/>
	<Feature name="GradientGlowFilter" supported="true"/>
	<Feature name="GradientBevelFilter" supported="true"/>
	<Feature name="AdjustColorFilter" supported="true"/>
	<Feature name="Compiler" supported="true"/>
	<Feature name="Video" supported="true"/>
	<Feature name="RuntimeSharedLibraries" supported="true"/>
	<Feature name="Accessibility" supported="true"/>
	<Feature name="Sound" supported="true">
		<Property name="Effect" supported="true"/>
		<Property name="Sync" default="Event" supported="true">
			<Value name="Event" supported="true"/>
			<Value name="Start" supported="true"/>
			<Value name="Stop" supported="true"/>
			<Value name="Stream" supported="true"/>
		</Property>
		<Property name="FileFormat" supported="true">
			<Value name="AIF"supported="true"/>
			<Value name="WAV" supported = "true"/>
			<Value name="MP3" supported = "true"/>
			<Value name="ASND"supported="true"/>
			<Value name="SND"supported="true"/>
			<Value name="AU"supported="true"/>
			<Value name="SD2"supported="true"/>
			<Value name="OGG"supported="true"/>
			<Value name="OGA"supported="true"/>
			<Value name="FLAC"supported="true"/>
		</Property>
		<Property name="Compression" default="Default" supported="true">
			<Value name="Default" supported = "true"/>
			<Value name="ADPCM"supported="true"/>
			<Value name="MP3" supported = "true"/>
			<Value name="Raw"supported="true"/>
			<Value name="Speech" supported ="false"/>
		</Property>
	</Feature>
	<Feature name="ActionScript" supported="true">
	</Feature>	
	<Feature name="ClassicTween" supported="true">
		<Property name="Rotate" default="Auto" supported="true">
			<Value name="None"supported="true"/>
			<Value name="Auto" supported = "true"/>
			<Value name="CW" supported = "true"/>
			<Value name="CCW" supported = "true"/>
		</Property>
		<Property name="Scale" default = "true" supported="true"/>
	</Feature>
</Features>
