<?xml version="1.0" encoding="UTF-8"?>

<ExtensionManifest Version="4.0" ExtensionBundleId="AwayExtensionsFlashPro" ExtensionBundleVersion="0.9.73"
		ExtensionBundleName="AwayExtensionsFlashPro" xmlns:xsi="http://www.w3.org/2001/XMLSchema-instance">
	<Author>
		<![CDATA[www.away3d.com]]>
	</Author>	<Contact mailto="robin.lockhart@awaystudios.com"/>	<Legal href="http://www.awaytools.com">
		<![CDATA[AwayTools.com is the home of the AwayExtensions. 
AwayExtensions are plugins and tools to help you create asset production workflow for Away3d / awayJS]]>
	</Legal>	<Abstract href="http://www.awaytools.com">
		<![CDATA[AwayTools.com is the home of the AwayExtensions. 
AwayExtensions are plugins and tools to help you create asset production workflow for Away3d / awayJS]]>
	</Abstract>	<ExtensionList>
		<Extension Id="AwayExtensionsFlashPro.Plugin" Version="1.0" />
		<Extension Id="AwayExtensionsFlashPro.PublishSettings" Version="1.0" />
	</ExtensionList>
	<ExecutionEnvironment>
		<HostList>
			<Host Name="FLPR" Version="14.1" />
		</HostList>
		<LocaleList>
			<Locale Code="All" />
		</LocaleList>
		<RequiredRuntimeList>
			<RequiredRuntime Name="CSXS" Version="4.0" />

		</RequiredRuntimeList>
	</ExecutionEnvironment>
	<DispatchInfoList>
		<Extension Id="AwayExtensionsFlashPro.Plugin">
			<DispatchInfo >
				<Resources>
				<MainPath>./plugin/fcm.xml</MainPath>
				</Resources>
				<Lifecycle>
					<AutoVisible>true</AutoVisible>
				</Lifecycle>
				<UI>
					<Type>ModalDialog</Type>
					<Menu>AwayJS</Menu>
					<Geometry>
						<Size>
							<Height>200</Height>
							<Width>200</Width>
						</Size>
					</Geometry>
				</UI>
			</DispatchInfo>
		</Extension>
		<Extension Id="AwayExtensionsFlashPro.PublishSettings">
			<DispatchInfo >
				<Resources>
				<MainPath>./index.html</MainPath>
				</Resources>
				<Lifecycle>
					<AutoVisible>true</AutoVisible>
				</Lifecycle>
				<UI>
					<Type>ModalDialog</Type>
					<Menu>AwayJS</Menu>
					<Geometry>
						<Size>
							<Height>650</Height>
							<Width>500</Width>
						</Size>
					</Geometry>
				</UI>
			</DispatchInfo>
		</Extension>
	</DispatchInfoList>
</ExtensionManifest>